{
  "model": "sklearn_logistic_regression_image_features",
  "threshold": 0.125,
  "majority_validation": {
    "threshold": 0.5,
    "accuracy": 0.4945054945054945,
    "valid_precision": 0.4945054945054945,
    "valid_recall": 1.0,
    "valid_f1": 0.6617647058823529,
    "macro_precision": 0.24725274725274726,
    "macro_recall": 0.5,
    "macro_f1": 0.33088235294117646,
    "confusion_matrix": [
      [
        0,
        138
      ],
      [
        0,
        135
      ]
    ],
    "tn": 0,
    "fp": 138,
    "fn": 0,
    "tp": 135,
    "roc_auc": 0.5,
    "pr_auc": 0.4945054945054945
  },
  "validation": {
    "threshold": 0.125,
    "accuracy": 0.6959706959706959,
    "valid_precision": 0.6313131313131313,
    "valid_recall": 0.9259259259259259,
    "valid_f1": 0.7507507507507507,
    "macro_precision": 0.748989898989899,
    "macro_recall": 0.6984702093397746,
    "macro_f1": 0.6805396946242017,
    "confusion_matrix": [
      [
        65,
        73
      ],
      [
        10,
        125
      ]
    ],
    "tn": 65,
    "fp": 73,
    "fn": 10,
    "tp": 125,
    "roc_auc": 0.7813741277509393,
    "pr_auc": 0.758006549174505
  },
  "test": {
    "threshold": 0.125,
    "accuracy": 0.6691729323308271,
    "valid_precision": 0.6455696202531646,
    "valid_recall": 0.7611940298507462,
    "valid_f1": 0.6986301369863014,
    "macro_precision": 0.6746366619784341,
    "macro_recall": 0.6684758028041611,
    "macro_f1": 0.6659817351598174,
    "confusion_matrix": [
      [
        76,
        56
      ],
      [
        32,
        102
      ]
    ],
    "tn": 76,
    "fp": 56,
    "fn": 32,
    "tp": 102,
    "roc_auc": 0.70239710538218,
    "pr_auc": 0.7146199270861207
  }
}