epoch,train_loss,validation_loss,validation_f1_at_0_5,validation_recall_at_0_5,seconds
1,0.49554056482516984,0.35400847381069545,0.8561151079136691,0.8814814814814815,12.115041017532349
2,0.32644406106650636,0.33283322225341866,0.8740740740740741,0.8740740740740741,10.913941144943237
3,0.2652522890983265,0.3389978822006847,0.8517110266159695,0.8296296296296296,10.81937050819397
4,0.22397039976298616,0.36394731190069257,0.835820895522388,0.8296296296296296,10.849297285079956
5,0.18955249749488084,0.40275130019738126,0.8392156862745098,0.7925925925925926,11.061988353729248
6,0.15551818931529887,0.4112181245953172,0.8505747126436781,0.8222222222222222,10.660414695739746
