epoch,train_loss,validation_loss,validation_f1_at_0_5,validation_recall_at_0_5,seconds
1,0.4879106182228859,0.37470797135498063,0.8641114982578397,0.9185185185185185,12.043825149536133
2,0.33057712110712006,0.3244461571941009,0.8673835125448028,0.8962962962962963,10.309053182601929
3,0.2356917121317177,0.3677238854187312,0.8612099644128114,0.8962962962962963,10.00270938873291
4,0.1927231080854366,0.379611462245494,0.8623188405797102,0.8814814814814815,10.426562309265137
5,0.1593524108395126,0.3788581207230851,0.8518518518518519,0.8518518518518519,10.527424335479736
6,0.11243903539856405,0.42117342811364394,0.8461538461538461,0.8148148148148148,10.607816457748413
